Workbook

Sheet 00_Huong_dan
A1: MẪU NHẬP DỮ LIỆU VẬT LIỆU V2 — CHỈ GIỮ TRƯỜNG BẮT BUỘC
A3: Mục đích | B3: Team chỉ nhập giá trị mình trực tiếp làm hoặc đọc từ máy; công thức và metadata AI được tự tính hoặc ẩn.
A5: Cách dùng nhanh
A6: 1. 01_Nhap_cong_thuc: nhập công thức và điều kiện chế tạo của từng mẫu.
A7: 2. 02_Ket_qua_SEM_EDX: nhập đúng các chỉ số SEM/EDX đã đo; không đo thì chưa tạo dòng.
A8: 3. 03_Ket_qua_dien_hoa: nhập kết quả test; retention được tự tính ở ô xám.
A9: 4. 04_Phan_hoi_AI: AI điền phần tím; team chỉ chọn Quyết định và Mã mẫu đã làm ở ô xanh.
A10: 5. Dùng cùng một Mã mẫu trên ba sheet dữ liệu. Không xóa mẫu failed/censored.
A12: Màu ô
A13: VÀNG — Team nhập | C13: XÁM/TÍM — Công thức hoặc AI tự ghi | E13: XANH — Team phản hồi AI
A15: Quy tắc quan trọng
A16: 1. Không đoán số liệu và không điền 0 thay cho thiếu dữ liệu.
A17: 2. Bốn thành phần phải có tổng bằng 100 ± 0,1.
A18: 3. SEM/EDX là kết quả sau chế tạo; AI không dùng chúng để đề xuất recipe chưa làm.
A19: 4. Giữ lại thí nghiệm thất bại để tránh model chỉ học các mẫu đẹp.

Sheet 01_Nhap_cong_thuc
A1: Mã mẫu | B1: Mã công thức | C1: Mã lô thí nghiệm | D1: Lần lặp | E1: Ngày làm | F1: Người thực hiện | G1: Si (wt.%) | H1: MXene (wt.%) | I1: Alginate (wt.%) | J1: Carbon (wt.%) | K1: Tổng (%) | L1: Kiểm tra tổng | M1: Thời gian trộn (phút) | N1: Nhiệt độ sấy (°C) | O1: Áp lực ép (MPa) | P1: Khối lượng phủ (mg/cm²) | Q1: Trạng thái
K2: =IF(COUNTA(G2:J2)=0,"",SUM(G2:J2)) | L2: =IF(K2="","",IF(ABS(K2-100)<=0.1,"PASS","CHECK"))
K3: =IF(COUNTA(G3:J3)=0,"",SUM(G3:J3)) | L3: =IF(K3="","",IF(ABS(K3-100)<=0.1,"PASS","CHECK"))
K4: =IF(COUNTA(G4:J4)=0,"",SUM(G4:J4)) | L4: =IF(K4="","",IF(ABS(K4-100)<=0.1,"PASS","CHECK"))
K5: =IF(COUNTA(G5:J5)=0,"",SUM(G5:J5)) | L5: =IF(K5="","",IF(ABS(K5-100)<=0.1,"PASS","CHECK"))
K6: =IF(COUNTA(G6:J6)=0,"",SUM(G6:J6)) | L6: =IF(K6="","",IF(ABS(K6-100)<=0.1,"PASS","CHECK"))
K7: =IF(COUNTA(G7:J7)=0,"",SUM(G7:J7)) | L7: =IF(K7="","",IF(ABS(K7-100)<=0.1,"PASS","CHECK"))
K8: =IF(COUNTA(G8:J8)=0,"",SUM(G8:J8)) | L8: =IF(K8="","",IF(ABS(K8-100)<=0.1,"PASS","CHECK"))
K9: =IF(COUNTA(G9:J9)=0,"",SUM(G9:J9)) | L9: =IF(K9="","",IF(ABS(K9-100)<=0.1,"PASS","CHECK"))
K10: =IF(COUNTA(G10:J10)=0,"",SUM(G10:J10)) | L10: =IF(K10="","",IF(ABS(K10-100)<=0.1,"PASS","CHECK"))
K11: =IF(COUNTA(G11:J11)=0,"",SUM(G11:J11)) | L11: =IF(K11="","",IF(ABS(K11-100)<=0.1,"PASS","CHECK"))
K12: =IF(COUNTA(G12:J12)=0,"",SUM(G12:J12)) | L12: =IF(K12="","",IF(ABS(K12-100)<=0.1,"PASS","CHECK"))
K13: =IF(COUNTA(G13:J13)=0,"",SUM(G13:J13)) | L13: =IF(K13="","",IF(ABS(K13-100)<=0.1,"PASS","CHECK"))
... K201: =IF(COUNTA(G201:J201)=0,"",SUM(G201:J201)) | L201: =IF(K201="","",IF(ABS(K201-100)<=0.1,"PASS","CHECK"))

Sheet 02_Ket_qua_SEM_EDX
A1: Mã mẫu | B1: Giai đoạn đo | C1: Kích thước hạt TB (nm) | D1: Điểm độ xốp (0–1) | E1: Chỉ số kết tụ (0–1) | F1: Mật độ vết nứt (0–1) | G1: Độ đồng đều (0–1) | H1: Basis EDX | I1: Si (%) | J1: Ti (%) | K1: C (%) | L1: O (%) | M1: Tạp chất (%) | N1: Tỷ số Si/Ti | O1: Tỷ số C/O | P1: Trạng thái QC
N2: =IFERROR(I2/J2,"") | O2: =IFERROR(K2/L2,"")
N3: =IFERROR(I3/J3,"") | O3: =IFERROR(K3/L3,"")
N4: =IFERROR(I4/J4,"") | O4: =IFERROR(K4/L4,"")
N5: =IFERROR(I5/J5,"") | O5: =IFERROR(K5/L5,"")
N6: =IFERROR(I6/J6,"") | O6: =IFERROR(K6/L6,"")
N7: =IFERROR(I7/J7,"") | O7: =IFERROR(K7/L7,"")
N8: =IFERROR(I8/J8,"") | O8: =IFERROR(K8/L8,"")
N9: =IFERROR(I9/J9,"") | O9: =IFERROR(K9/L9,"")
N10: =IFERROR(I10/J10,"") | O10: =IFERROR(K10/L10,"")
N11: =IFERROR(I11/J11,"") | O11: =IFERROR(K11/L11,"")
N12: =IFERROR(I12/J12,"") | O12: =IFERROR(K12/L12,"")
N13: =IFERROR(I13/J13,"") | O13: =IFERROR(K13/L13,"")
... N301: =IFERROR(I301/J301,"") | O301: =IFERROR(K301/L301,"")

Sheet 03_Ket_qua_dien_hoa
A1: Mã mẫu | B1: Tên protocol | C1: C-rate | D1: Điện áp thấp (V) | E1: Điện áp cao (V) | F1: Nhiệt độ test (°C) | G1: Dung lượng ban đầu | H1: Dung lượng chu kỳ 50 | I1: Dung lượng chu kỳ 100 | J1: Retention 50 (%) | K1: Retention 100 (%) | L1: Suy giảm dung lượng | M1: Hiệu suất Coulomb (%) | N1: Rct (Ω) | O1: Trạng thái test
J2: =IFERROR(H2/G2*100,"") | K2: =IFERROR(I2/G2*100,"") | L2: =IF(OR(G2="",I2=""),"",G2-I2)
J3: =IFERROR(H3/G3*100,"") | K3: =IFERROR(I3/G3*100,"") | L3: =IF(OR(G3="",I3=""),"",G3-I3)
J4: =IFERROR(H4/G4*100,"") | K4: =IFERROR(I4/G4*100,"") | L4: =IF(OR(G4="",I4=""),"",G4-I4)
J5: =IFERROR(H5/G5*100,"") | K5: =IFERROR(I5/G5*100,"") | L5: =IF(OR(G5="",I5=""),"",G5-I5)
J6: =IFERROR(H6/G6*100,"") | K6: =IFERROR(I6/G6*100,"") | L6: =IF(OR(G6="",I6=""),"",G6-I6)
J7: =IFERROR(H7/G7*100,"") | K7: =IFERROR(I7/G7*100,"") | L7: =IF(OR(G7="",I7=""),"",G7-I7)
J8: =IFERROR(H8/G8*100,"") | K8: =IFERROR(I8/G8*100,"") | L8: =IF(OR(G8="",I8=""),"",G8-I8)
J9: =IFERROR(H9/G9*100,"") | K9: =IFERROR(I9/G9*100,"") | L9: =IF(OR(G9="",I9=""),"",G9-I9)
J10: =IFERROR(H10/G10*100,"") | K10: =IFERROR(I10/G10*100,"") | L10: =IF(OR(G10="",I10=""),"",G10-I10)
J11: =IFERROR(H11/G11*100,"") | K11: =IFERROR(I11/G11*100,"") | L11: =IF(OR(G11="",I11=""),"",G11-I11)
J12: =IFERROR(H12/G12*100,"") | K12: =IFERROR(I12/G12*100,"") | L12: =IF(OR(G12="",I12=""),"",G12-I12)
J13: =IFERROR(H13/G13*100,"") | K13: =IFERROR(I13/G13*100,"") | L13: =IF(OR(G13="",I13=""),"",G13-I13)
... J201: =IFERROR(H201/G201*100,"") | K201: =IFERROR(I201/G201*100,"") | L201: =IF(OR(G201="",I201=""),"",G201-I201)

Sheet 04_Phan_hoi_AI
A1: Mã gợi ý | B1: Công thức được gợi ý | C1: Retention dự đoán (%) | D1: Độ bất định | E1: Lý do chọn | F1: Quyết định | G1: Mã mẫu đã làm | H1: Phiên bản model | I1: Ngày chốt train | J1: Số mẫu train | K1: Hàm chọn mẫu | L1: Điểm chọn mẫu

Sheet 06_QC_tom_tat
A1: KIỂM TRA NHANH TRƯỚC KHI ĐƯA VÀO AI
A3: Kiểm tra | B3: Kết quả | C3: Yêu cầu | D3: Cách xử lý
A4: Số mẫu công thức | B4: =COUNTA('01_Nhap_cong_thuc'!A2:A201) -> 0 | C4: >= 20 | D4: Tiếp tục phủ design space.
A5: Mẫu sai tổng thành phần | B5: =COUNTIF('01_Nhap_cong_thuc'!L2:L201,"CHECK") -> 0 | C5: = 0 | D5: Sửa tổng bốn thành phần.
A6: Mẫu có SEM/EDX | B6: =COUNTA('02_Ket_qua_SEM_EDX'!A2:A301) -> 0 | C6: Theo kế hoạch đo | D6: Không tạo dòng nếu chưa đo.
A7: Mẫu có điện hóa | B7: =COUNTA('03_Ket_qua_dien_hoa'!A2:A201) -> 0 | C7: >= 15 | D7: Cần outcome thật để train.
A8: Target retention 100 | B8: =COUNT('03_Ket_qua_dien_hoa'!K2:K201) -> 0 | C8: >= 15 | D8: Ưu tiên hoàn tất cycle 100.
A9: Phản hồi gợi ý AI | B9: =COUNTA('04_Phan_hoi_AI'!F2:F201) -> 0 | C9: > 0 khi closed-loop | D9: Ghi quyết định trước khi làm mẫu.
A11: Trạng thái dataset | B11: =IF(AND(B4>=20,B5=0,B7>=15,B8>=15),"SẴN SÀNG MODEL BASELINE","CẦN BỔ SUNG DỮ LIỆU") -> CẦN BỔ SUNG DỮ LIỆU

Sheet 06_Mapping_AI
A1: sheet | B1: header_vi | C1: machine_key | D1: filled_by | E1: unit
A2: 01_Nhap_cong_thuc | B2: Mã mẫu | C2: sample_id | D2: Team | E2: Text
A3: 01_Nhap_cong_thuc | B3: Mã công thức | C3: recipe_id | D3: Team | E3: Text
A4: 01_Nhap_cong_thuc | B4: Mã lô thí nghiệm | C4: batch_id | D4: Team | E4: Text
A5: 01_Nhap_cong_thuc | B5: Lần lặp | C5: replicate_no | D5: Team | E5: Số nguyên
A6: 01_Nhap_cong_thuc | B6: Ngày làm | C6: experiment_date | D6: Team | E6: Ngày
A7: 01_Nhap_cong_thuc | B7: Người thực hiện | C7: operator | D7: Team | E7: Text
A8: 01_Nhap_cong_thuc | B8: Si (wt.%) | C8: si_content | D8: Team | E8: wt.%
A9: 01_Nhap_cong_thuc | B9: MXene (wt.%) | C9: mxene_content | D9: Team | E9: wt.%
A10: 01_Nhap_cong_thuc | B10: Alginate (wt.%) | C10: alginate_content | D10: Team | E10: wt.%
A11: 01_Nhap_cong_thuc | B11: Carbon (wt.%) | C11: carbon_content | D11: Team | E11: wt.%
A12: 01_Nhap_cong_thuc | B12: Tổng (%) | C12: composition_sum | D12: Công thức | E12: %
... A61: 04_Phan_hoi_AI | B61: Điểm chọn mẫu | C61: acquisition_score | D61: AI | E61: Số

Sheet 07_Backend_1

Sheet 08_Backend_2
